name,state,lat,lon,shape_id
Nicobars,Andaman and Nicobar Islands,7.5271,93.598,76128533B33103505211400
North  & Middle Andaman,Andaman and Nicobar Islands,12.8409,92.8693,76128533B28397307540277
South Andaman,Andaman and Nicobar Islands,11.5053,92.6417,76128533B22587307937261
Anantapur,Andhra Pradesh,14.4827,77.5788,76128533B52664671961643
Chittoor,Andhra Pradesh,13.4691,79.012,76128533B22471914548132
East Godavari,Andhra Pradesh,17.1941,82.014,76128533B29138015770556
Guntur,Andhra Pradesh,16.2946,80.0972,76128533B72541188260561
Kadapa(YSR),Andhra Pradesh,14.4656,78.7798,76128533B72109128179340
Krishna,Andhra Pradesh,16.5657,80.8056,76128533B4481773749911
Kurnool,Andhra Pradesh,15.5351,78.0069,76128533B28294794137747
Prakasam,Andhra Pradesh,15.6214,79.5176,76128533B95075104846315
Sri Potti Sriramulu Nellore,Andhra Pradesh,14.4228,79.7358,76128533B55622097933343
Srikakulam,Andhra Pradesh,18.5968,84.0191,76128533B59405966069108
Visakhapatnam,Andhra Pradesh,17.8928,82.6924,76128533B71485440235524
Vizianagaram,Andhra Pradesh,18.4633,83.3834,76128533B36164606132718
West Godavari,Andhra Pradesh,16.8998,81.4094,76128533B19792346411952
Yanam,Andhra Pradesh,16.6964,82.2749,76128533B83105693975079
Anjaw,Arunāchal Pradesh,28.0707,96.8426,76128533B55878637000592
Changlang,Arunāchal Pradesh,27.3742,96.3545,76128533B9558749744242
Dibang Valley,Arunāchal Pradesh,28.857,95.9116,76128533B11651252780045
East Kameng,Arunāchal Pradesh,27.5937,92.9256,76128533B76129461078086
East Siang,Arunāchal Pradesh,28.0051,95.2557,76128533B53717296822608
Kamle,Arunāchal Pradesh,27.7165,94.0848,76128533B19898496046456
Kra Daadi,Arunāchal Pradesh,28.0078,93.7152,76128533B12129983841645
Kurung Kumey,Arunāchal Pradesh,28.0023,93.2298,76128533B31405919461443
Leparada,Arunāchal Pradesh,27.9645,94.7169,76128533B25448742967716
Lohit,Arunāchal Pradesh,27.8886,96.3146,76128533B6828791241172
Longding,Arunāchal Pradesh,26.8643,95.3165,76128533B22715430000002
Lower Dibang Valley,Arunāchal Pradesh,28.246,95.8606,76128533B38784530776316
Lower Siang,Arunāchal Pradesh,27.7293,94.5534,76128533B49993259380917
Lower Subansiri,Arunāchal Pradesh,27.5535,93.7707,76128533B90913053845537
Namsai,Arunāchal Pradesh,27.6959,96.0564,76128533B1875965515331
Pakke Kessang,Arunāchal Pradesh,27.1081,93.0592,76128533B24017517661394
Papum Pare,Arunāchal Pradesh,27.2835,93.6132,76128533B17472905712757
Shi Yomi,Arunāchal Pradesh,28.6753,94.3348,76128533B46084756537322
Siang,Arunāchal Pradesh,28.2992,94.9945,76128533B95910687666425
Tawang,Arunāchal Pradesh,27.6526,91.9526,76128533B18668117085772
Tirap,Arunāchal Pradesh,27.019,95.5338,76128533B99469070633974
Upper Siang,Arunāchal Pradesh,28.82,94.926,76128533B76058958071350
Upper Subansiri,Arunāchal Pradesh,28.2941,93.9253,76128533B84689409020934
West Kameng,Arunāchal Pradesh,27.2953,92.3864,76128533B61235952222315
West Siang,Arunāchal Pradesh,28.2587,94.6576,76128533B95764075909869
Baksa,Assam,26.6619,91.3609,76128533B8221925175605
Barpeta,Assam,26.3426,91.0032,76128533B47772746709007
Biswanath,Assam,26.8286,93.4016,76128533B40714385808093
Bongaigaon,Assam,26.3716,90.6237,76128533B46490409917345
Cachar,Assam,24.8115,92.854,76128533B26964150246712
Charaideo,Assam,27.0634,95.0541,76128533B89228414823983
Chirang,Assam,26.6519,90.6269,76128533B56012535339305
Darrang,Assam,26.4491,92.0506,76128533B96719327593873
Dhemaji,Assam,27.5741,94.7634,76128533B50650763703739
Dhubri,Assam,26.1817,90.05,76128533B25835998628545
Dibrugarh,Assam,27.3504,95.0456,76128533B57825981663822
Dima Hasao,Assam,25.3773,93.0329,76128533B66125202864966
Goalpara,Assam,26.055,90.6048,76128533B91472319248603
Golaghat,Assam,26.4426,93.8279,76128533B55519385298440
Hailakandi,Assam,24.4926,92.5888,76128533B16749627383755
Hojai,Assam,25.9775,92.9819,76128533B70315194619807
Jorhat,Assam,26.697,94.276,76128533B334793883930
Kamrup,Assam,26.1084,91.4025,76128533B66682530790248
Karbi Anglong East,Assam,26.1519,93.4071,76128533B38548995376745
Karbi Anglong West,Assam,25.8529,92.5339,76128533B57995625790051
Karimganj,Assam,24.5769,92.3814,76128533B23092176497025
Kokrajhar,Assam,26.5331,90.1422,76128533B91480770176940
Lakhimpur,Assam,27.1653,94.1187,76128533B85627242103654
Majuli,Assam,26.9429,94.1889,76128533B15157901669242
Morigaon,Assam,26.278,92.2803,76128533B17968019348564
Nagaon,Assam,26.3629,92.762,76128533B13437137070957
Nalbari,Assam,26.3699,91.3905,76128533B40995085026980
Sivasagar,Assam,26.961,94.6607,76128533B21722277889516
Sonitpur,Assam,26.7595,92.7109,76128533B41005496708834
South Salmara-Mankachar,Assam,25.8288,89.9679,76128533B20298037622173
Tinsukia,Assam,27.5854,95.6178,76128533B8920527783032
Udalguri,Assam,26.7275,92.0362,76128533B20307518801538
Araria,Bihār,26.1902,87.3532,76128533B4745348385341
Arwal,Bihār,25.1757,84.7063,76128533B45623818137574
Aurangabad (Bihār),Bihār,24.7984,84.4231,76128533B21485639457044
Banka,Bihār,24.8511,86.8351,76128533B54517225652088
Begusarai,Bihār,25.4884,86.1129,76128533B5855800361016
Bhagalpur,Bihār,25.2648,87.0805,76128533B83462627230182
Bhojpur,Bihār,25.4788,84.5382,76128533B66426066081507
Buxar,Bihār,25.483,84.0826,76128533B12244320360965
Darbhanga,Bihār,26.0872,86.0478,76128533B12694285477701
Gaya,Bihār,24.7056,84.9496,76128533B91871300208785
Gopalganj,Bihār,26.4355,84.3644,76128533B93214480696409
Jamui,Bihār,24.7818,86.2888,76128533B16781044866906
Jehanabad,Bihār,25.1597,85.0301,76128533B24101991435637
Kaimur (Bhabua),Bihār,24.9899,83.6038,76128533B78904410352326
Katihar,Bihār,25.5466,87.647,76128533B27432148084533
Khagaria,Bihār,25.513,86.5862,76128533B78970756356546
Kishanganj,Bihār,26.2984,87.9336,76128533B65773363805797
Lakhisarai,Bihār,25.1483,86.1204,76128533B98985252129882
Madhepura,Bihār,25.8066,86.896,76128533B29293163114565
Madhubani,Bihār,26.4024,86.2224,76128533B90384580518633
Munger,Bihār,25.2045,86.5133,76128533B40868676647207
Muzaffarpur,Bihār,26.1575,85.3188,76128533B88481188307630
Nalanda,Bihār,25.2171,85.4566,76128533B51363853289247
Nawada,Bihār,24.8232,85.5913,76128533B36625800127334
Pashchim Champaran,Bihār,27.0795,84.3421,76128533B17762399278073
Patna,Bihār,25.4573,85.2278,76128533B60721316645780
Purba Champaran,Bihār,26.6061,84.9169,76128533B49017555803526
Purnia,Bihār,25.814,87.416,76128533B32499449492865
Rohtas,Bihār,24.9816,84.0246,76128533B33458049385696
Saharsa,Bihār,25.8177,86.5716,76128533B24755983727265
Samastipur,Bihār,25.7756,85.858,76128533B66790149147330
Saran,Bihār,25.9132,84.8156,76128533B19903856317609
Sheikhpura,Bihār,25.1153,85.8528,76128533B29672216830072
Sheohar,Bihār,26.4915,85.312,76128533B74961596993088
Sitamarhi,Bihār,26.5877,85.5585,76128533B21922686388534
Siwan,Bihār,26.1562,84.3599,76128533B14033116794334
Supaul,Bihār,26.2468,86.8057,76128533B62794162648247
Vaishali,Bihār,25.7777,85.3608,76128533B91445917652173
Chandigarh,Chandīgarh,30.7266,76.7812,76128533B56050914259601
Balod,Chhattīsgarh,20.7385,81.1887,76128533B90169585758701
Baloda Bazar,Chhattīsgarh,21.554,82.3081,76128533B54306414631532
Balrampur (Chhattīsgarh),Chhattīsgarh,23.6028,83.3643,76128533B14598081584747
Bastar,Chhattīsgarh,19.1065,81.876,76128533B47840093719460
Bemetra,Chhattīsgarh,21.6851,81.4982,76128533B73736605657091
Bijapur (Chhattīsgarh),Chhattīsgarh,18.8555,80.7943,76128533B66145460152555
Bilaspur (Chhattīsgarh),Chhattīsgarh,22.1779,82.0815,76128533B81964529079574
Dakshin Bastar Dantewada,Chhattīsgarh,18.832,81.3896,76128533B14292125820380
Dhamtari,Chhattīsgarh,20.5567,81.811,76128533B71714250401862
Durg,Chhattīsgarh,21.2134,81.3854,76128533B15993411864574
Gariaband,Chhattīsgarh,20.4509,82.2354,76128533B93063337202124
Gaurella Pendra Marwahi,Chhattīsgarh,22.8051,82.0025,76128533B38203190611533
Janjgir-Champa,Chhattīsgarh,21.8948,82.7321,76128533B6310527412636
Jashpur,Chhattīsgarh,22.8008,83.8662,76128533B53609934827566
Kabeerdham,Chhattīsgarh,22.0908,81.2248,76128533B48077510234542
Kondagaon,Chhattīsgarh,19.7409,81.6622,76128533B12144400448811
Korba,Chhattīsgarh,22.5319,82.6118,76128533B89438858641946
Koriya,Chhattīsgarh,23.4674,82.2383,76128533B1621599562140
Mahasamund,Chhattīsgarh,21.2041,82.6046,76128533B9759621355294
Mungeli,Chhattīsgarh,22.1889,81.7139,76128533B17292264941997
Narayanpur,Chhattīsgarh,19.5673,81.0891,76128533B89979485471283
Raigarh (Chhattīsgarh),Chhattīsgarh,22.0859,83.3082,76128533B67018657649043
Raipur,Chhattīsgarh,21.2845,81.8203,76128533B57691508962219
Rajnandgaon,Chhattīsgarh,21.0387,80.8197,76128533B25020556592153
Sukma,Chhattīsgarh,18.292,81.384,76128533B53316015271969
Surajpur,Chhattīsgarh,23.4044,83.0154,76128533B46979893461805
Surguja,Chhattīsgarh,22.9405,83.1235,76128533B52487813780503
Uttar Bastar Kanker,Chhattīsgarh,20.1372,81.1209,76128533B26755490628656
Central,Delhi,28.7002,77.2106,76128533B19832024635761
East,Delhi,28.631,77.2927,76128533B72485933575946
New Delhi,Delhi,28.5735,77.1455,76128533B58262202014972
North ,Delhi,28.7911,77.1121,76128533B45574198291616
North East,Delhi,28.7218,77.2509,76128533B9976625304286
North West,Delhi,28.7283,77.0353,76128533B71353370080255
Shahdara,Delhi,28.6876,77.2898,76128533B81419063387740
South,Delhi,28.4769,77.1952,76128533B97089774514948
South East,Delhi,28.5454,77.269,76128533B1420136949169
South West,Delhi,28.5747,76.9638,76128533B53136419849111
West,Delhi,28.6535,77.0635,76128533B68379889579232
Daman,Dādra and Nagar Haveli and Damān and Diu,20.4113,72.8634,76128533B15180319517641
Diu,Dādra and Nagar Haveli and Damān and Diu,20.7238,70.9375,76128533B56857410767766
North Goa,Goa,15.5507,73.9821,76128533B1711704044407
South Goa,Goa,15.1953,74.1182,76128533B63117839967753
Ahmadabad,Gujarāt,22.7611,72.2477,76128533B93113981386565
Amreli,Gujarāt,21.4216,71.2534,76128533B43737470294384
Anand,Gujarāt,22.4572,72.7923,76128533B69438085511257
Aravali,Gujarāt,23.4715,73.3304,76128533B62153454383166
Banas Kantha,Gujarāt,24.284,72.0332,76128533B52902360321344
Batod,Gujarāt,22.1156,71.6956,76128533B48885555323596
Bharuch,Gujarāt,21.7793,72.9225,76128533B63599385776584
Bhavnagar,Gujarāt,21.5717,71.9007,76128533B93450974047240
Chhota Udaipur,Gujarāt,22.2184,73.8748,76128533B69417260894674
Dadra & Nagar Haveli,Gujarāt,20.1952,73.0732,76128533B43252171579976
Devbhumi Dwarka,Gujarāt,22.1283,69.4556,76128533B74381554567803
Dohad,Gujarāt,22.8614,74.1152,76128533B70576899889534
Gandhinagar,Gujarāt,23.2529,72.6987,76128533B7606365706860
Gir Somnath,Gujarāt,20.9639,70.7771,76128533B45037556977273
Jamnagar,Gujarāt,22.3145,70.2039,76128533B35205406647638
Junagadh,Gujarāt,21.3729,70.4136,76128533B40923846274136
Kachchh,Gujarāt,23.6241,69.9589,76128533B91881382098572
Kheda,Gujarāt,22.8377,72.9545,76128533B39046535416628
Mahesana,Gujarāt,23.6085,72.4661,76128533B81661995166840
Mahisagar,Gujarāt,23.1883,73.6472,76128533B49615943426842
Morbi,Gujarāt,22.8312,70.9183,76128533B2080752988715
Narmada,Gujarāt,21.7352,73.6483,76128533B46866455993508
Navsari,Gujarāt,20.8134,73.0929,76128533B6397758882978
Panch Mahals,Gujarāt,22.7204,73.6293,76128533B16476001647323
Patan,Gujarāt,23.7708,71.7676,76128533B42839853072341
Porbandar,Gujarāt,21.6533,69.7796,76128533B84417945851362
Rajkot,Gujarāt,22.02,70.7455,76128533B74992405432705
Sabar Kantha,Gujarāt,23.8073,73.0353,76128533B35129325000613
Surat,Gujarāt,21.2622,73.0694,76128533B97372652494648
Surendranagar,Gujarāt,22.772,71.592,76128533B7851306475665
Tapi,Gujarāt,21.1903,73.6341,76128533B12519626815499
The Dangs,Gujarāt,20.7979,73.699,76128533B16271917438029
Vadodara,Gujarāt,22.2454,73.2327,76128533B33151011563565
Valsad,Gujarāt,20.4179,73.1216,76128533B60261306484775
Ambala,Haryāna,30.3248,76.9423,76128533B95049353851516
Bhiwani,Haryāna,28.7177,75.9662,76128533B42646400584570
Faridabad,Haryāna,28.3511,77.3452,76128533B40638696154891
Fatehabad,Haryāna,29.5758,75.5806,76128533B10727492375508
Gurgaon,Haryāna,28.3702,76.9402,76128533B67580812983244
Hisar,Haryāna,29.2156,75.8159,76128533B22732185131019
Jhajjar,Haryāna,28.6077,76.6509,76128533B70554191137208
Jind,Haryāna,29.4336,76.3079,76128533B45106682783501
Kaithal,Haryāna,29.8121,76.417,76128533B64596101949699
Karnal,Haryāna,29.688,76.8949,76128533B6330405394721
Kurukshetra,Haryāna,30.0392,76.785,76128533B94710820075529
Mahendragarh,Haryāna,28.1704,76.1394,76128533B64161607349718
Mewat,Haryāna,27.9876,77.051,76128533B80016894369263
Palwal,Haryāna,28.0629,77.3372,76128533B71088079535368
Panchkula,Haryāna,30.6813,76.977,76128533B58876508630362
Panipat,Haryāna,29.3333,76.9269,76128533B86048662040782
Rewari,Haryāna,28.2372,76.5417,76128533B22722327711505
Rohtak,Haryāna,28.9122,76.5282,76128533B12244045944458
Sirsa,Haryāna,29.6146,74.9014,76128533B84837672903805
Sonipat,Haryāna,29.0603,76.8783,76128533B69536039643660
Yamunanagar,Haryāna,30.234,77.3031,76128533B23956636471502
Bilaspur (Himāchal Pradesh),Himāchal Pradesh,31.3719,76.6729,76128533B85695392289827
Chamba,Himāchal Pradesh,32.6767,76.3538,76128533B58537895532859
Hamirpur (Himāchal Pradesh),Himāchal Pradesh,31.6677,76.5265,76128533B35956162202704
Kangra,Himāchal Pradesh,32.1086,76.3189,76128533B13697452453823
Kinnaur,Himāchal Pradesh,31.5953,78.4134,76128533B50011981829203
Kullu,Himāchal Pradesh,31.9041,77.4009,76128533B97425778881707
Lahul & Spiti,Himāchal Pradesh,32.4801,77.6167,76128533B75359793481950
Mandi,Himāchal Pradesh,31.6381,76.9938,76128533B23735146933631
Shimla,Himāchal Pradesh,31.1961,77.6349,76128533B77537928419507
Sirmaur,Himāchal Pradesh,30.6657,77.4324,76128533B11802210119774
Solan,Himāchal Pradesh,31.0447,76.9103,76128533B58569599021232
Una,Himāchal Pradesh,31.5801,76.2112,76128533B75262864015847
Anantnag,Jammu and Kashmīr,33.81,75.3344,76128533B6393836306469
Badgam,Jammu and Kashmīr,33.8801,74.6798,76128533B88214376170788
Bandipore,Jammu and Kashmīr,34.4862,74.8363,76128533B41744580856133
Baramula,Jammu and Kashmīr,34.113,74.3356,76128533B15567489974292
Doda,Jammu and Kashmīr,33.0931,75.7176,76128533B48708628358161
Ganderbal,Jammu and Kashmīr,34.261,75.0288,76128533B20504715877560
Jammu,Jammu and Kashmīr,32.7861,74.7471,76128533B3371867518692
Kathua,Jammu and Kashmīr,32.5763,75.57,76128533B79652855441225
Kishtwar,Jammu and Kashmīr,33.5493,75.965,76128533B20458430922604
Kulgam,Jammu and Kashmīr,33.5781,74.8749,76128533B87327155385261
Kupwara,Jammu and Kashmīr,34.4933,74.1891,76128533B68195849750399
Pulwama,Jammu and Kashmīr,33.9104,75.0367,76128533B74958462315105
Punch,Jammu and Kashmīr,33.6812,74.2897,76128533B32998994032811
Rajouri,Jammu and Kashmīr,33.2439,74.3919,76128533B45655211862788
Ramban,Jammu and Kashmīr,33.3159,75.2202,76128533B92985585225784
Reasi,Jammu and Kashmīr,33.2198,74.8513,76128533B50784044604286
Samba,Jammu and Kashmīr,32.6083,75.0597,76128533B49429513424897
Shupiyan,Jammu and Kashmīr,33.7019,74.8331,76128533B37825396764028
Srinagar,Jammu and Kashmīr,34.0829,74.9198,76128533B32249045995424
Udhampur,Jammu and Kashmīr,32.8984,75.2858,76128533B31127900859310
Bokaro,Jhārkhand,23.6942,85.9771,76128533B30016122738302
Chatra,Jhārkhand,24.1687,84.8872,76128533B44632955875385
Deoghar,Jhārkhand,24.3369,86.7443,76128533B90068096507942
Dhanbad,Jhārkhand,23.8297,86.4716,76128533B94847743365739
Dumka,Jhārkhand,24.32,87.2661,76128533B18802630191461
Garhwa,Jhārkhand,24.0989,83.7003,76128533B12294379827032
Giridih,Jhārkhand,24.2955,86.0953,76128533B75529869544465
Godda,Jhārkhand,24.8666,87.3168,76128533B58697472287618
Gumla,Jhārkhand,23.088,84.5246,76128533B80916614857890
Hazaribagh,Jhārkhand,24.0399,85.4121,76128533B1222571856670
Jamtara,Jhārkhand,23.9889,86.893,76128533B17261532861377
Khunti,Jhārkhand,22.985,85.2532,76128533B27414563922025
Kodarma,Jhārkhand,24.485,85.6334,76128533B43180268042348
Latehar,Jhārkhand,23.7157,84.4387,76128533B35143550659673
Lohardaga,Jhārkhand,23.4681,84.6544,76128533B35439951183692
Pakur,Jhārkhand,24.5638,87.6634,76128533B45381195840581
Palamu,Jhārkhand,24.2031,84.1692,76128533B6050540865870
Pashchimi Singhbhum,Jhārkhand,22.4202,85.5193,76128533B60893804631193
Purbi Singhbhum,Jhārkhand,22.583,86.4522,76128533B18931932305748
Ramgarh,Jhārkhand,23.6288,85.5607,76128533B79263581040575
Ranchi,Jhārkhand,23.3266,85.3742,76128533B71439508543442
Sahibganj,Jhārkhand,25.0045,87.6867,76128533B49805675626253
Saraikela-Kharsawan,Jhārkhand,22.8454,85.9511,76128533B50275440439236
Simdega,Jhārkhand,22.5774,84.5673,76128533B15601995412161
Bagalkot,Karnātaka,16.2251,75.6248,76128533B83278580643229
Bangalore,Karnātaka,12.9491,77.5829,76128533B76927648517269
Bangalore Rural,Karnātaka,13.2233,77.5739,76128533B48075109668277
Belgaum,Karnātaka,16.1203,74.8249,76128533B74319098136622
Bellary,Karnātaka,15.1095,76.5361,76128533B92621859299479
Bidar,Karnātaka,17.9529,77.227,76128533B9794868259401
Bijapur (Karnātaka),Karnātaka,16.7979,75.9581,76128533B40495457052818
Chamarajanagar,Karnātaka,11.9538,77.0918,76128533B16628456658675
Chikkaballapura,Karnātaka,13.5806,77.8371,76128533B80772392204057
Chikmagalur,Karnātaka,13.4609,75.704,76128533B15550697205080
Chitradurga,Karnātaka,14.1685,76.5171,76128533B47594161132413
Dakshina Kannada,Karnātaka,12.8676,75.2515,76128533B54396396829952
Davanagere,Karnātaka,14.409,75.9553,76128533B49597693387243
Dharwad,Karnātaka,15.39,75.1588,76128533B75110579117636
Gadag,Karnātaka,15.4322,75.6669,76128533B33966968116377
Gulbarga,Karnātaka,17.2608,76.8702,76128533B1083016608278
Hassan,Karnātaka,12.9972,76.1117,76128533B54775433755383
Haveri,Karnātaka,14.7391,75.4186,76128533B86721175299079
Kodagu,Karnātaka,12.325,75.8055,76128533B57609583882472
Kolar,Karnātaka,13.137,78.2085,76128533B29292403538801
Koppal,Karnātaka,15.5578,76.2236,76128533B79601545186231
Mandya,Karnātaka,12.6133,76.7979,76128533B43335986553000
Mysore,Karnātaka,12.2039,76.4453,76128533B95879808095476
Raichur,Karnātaka,16.0904,76.8939,76128533B284680734793
Ramanagara,Karnātaka,12.6786,77.3375,76128533B79600797037735
Shimoga,Karnātaka,14.0411,75.2269,76128533B85389886560116
Tumkur,Karnātaka,13.521,76.9484,76128533B64905184636422
Udupi,Karnātaka,13.5221,74.8752,76128533B4839184447445
Uttara Kannada,Karnātaka,14.7934,74.6222,76128533B79180273895456
Yadgir,Karnātaka,16.6271,76.9143,76128533B84927972855096
Alappuzha,Kerala,9.4295,76.4476,76128533B86368264587575
Ernakulam,Kerala,10.0841,76.5463,76128533B75519739609062
Idukki,Kerala,9.8388,77.0588,76128533B35083559759016
Kannur,Kerala,12.001,75.5254,76128533B41976979530466
Kasaragod,Kerala,12.4599,75.1531,76128533B63366045987285
Kollam,Kerala,8.9621,76.8727,76128533B61117593923933
Kottayam,Kerala,9.6382,76.6519,76128533B2576169508425
Kozhikode,Kerala,11.4843,75.8344,76128533B3985531353014
Malappuram,Kerala,11.1328,76.1563,76128533B83861010847920
Palakkad,Kerala,10.796,76.559,76128533B19581555782120
Pathanamthitta,Kerala,9.2851,76.9286,76128533B29330052395581
Thiruvananthapuram,Kerala,8.6086,77.0125,76128533B33162455176756
Thrissur,Kerala,10.4719,76.3157,76128533B75696328527555
Wayanad,Kerala,11.7109,76.0874,76128533B82539771173603
DATA NOT AVAILABLE,Ladākh,35.5631,74.9234,76128533B2782141712775
Kargil,Ladākh,33.9085,76.4708,76128533B47664895117076
Leh(Ladakh),Ladākh,34.333,78.4289,76128533B57183548666997
Lakshadweep,Lakshadweep,11.1636,72.3938,76128533B41477629049356
Agar,Madhya Pradesh,23.825,76.073,76128533B29721759389119
Alirajpur,Madhya Pradesh,22.3125,74.365,76128533B35167844027544
Anuppur,Madhya Pradesh,23.0397,81.6749,76128533B25468964623139
Ashoknagar,Madhya Pradesh,24.6081,77.8765,76128533B75548370501185
Balaghat,Madhya Pradesh,21.8808,80.3551,76128533B66134271591289
Barwani,Madhya Pradesh,21.7871,75.0217,76128533B668165975951
Betul,Madhya Pradesh,21.8777,77.8745,76128533B82559220423608
Bhind,Madhya Pradesh,26.4202,78.7231,76128533B57712033428660
Bhopal,Madhya Pradesh,23.4677,77.393,76128533B22439249004073
Burhanpur,Madhya Pradesh,21.3635,76.3728,76128533B37096001761063
Chhatarpur,Madhya Pradesh,24.7974,79.6671,76128533B42922918567330
Chhindwara,Madhya Pradesh,22.1224,78.8566,76128533B70646408240587
Damoh,Madhya Pradesh,23.8088,79.5313,76128533B44250373880839
Datia,Madhya Pradesh,25.8383,78.6151,76128533B80958502091898
Dewas,Madhya Pradesh,22.7417,76.4592,76128533B53549946596470
Dhar,Madhya Pradesh,22.4948,75.1057,76128533B42880544505675
Dindori,Madhya Pradesh,22.8779,81.0385,76128533B20502827346807
Guna,Madhya Pradesh,24.5519,77.2027,76128533B79048012717121
Gwalior,Madhya Pradesh,26.0377,78.1487,76128533B90551733723251
Harda,Madhya Pradesh,22.2281,77.1239,76128533B21179322085415
Hoshangabad,Madhya Pradesh,22.5883,77.993,76128533B45314020251888
Indore,Madhya Pradesh,22.7085,75.7855,76128533B60360721573267
Jabalpur,Madhya Pradesh,23.2319,79.978,76128533B27615708126939
Jhabua,Madhya Pradesh,22.8889,74.6728,76128533B67004768724668
Katni,Madhya Pradesh,23.7513,80.4082,76128533B16674973717653
Khandwa (East Nimar),Madhya Pradesh,21.9268,76.5649,76128533B71271011331008
Khargone (West Nimar),Madhya Pradesh,21.9185,75.774,76128533B69481535535995
Mandla,Madhya Pradesh,22.6376,80.5014,76128533B79087524886024
Mandsaur,Madhya Pradesh,24.2064,75.4093,76128533B25679991785711
Morena,Madhya Pradesh,26.4089,77.8671,76128533B12343314564708
Narsimhapur,Madhya Pradesh,22.9352,79.0905,76128533B20683890392439
Neemuch,Madhya Pradesh,24.5945,75.1467,76128533B77191913035963
Niwari,Madhya Pradesh,25.2802,78.7494,76128533B38767180038480
Panna,Madhya Pradesh,24.4122,80.187,76128533B81607600692021
Raisen,Madhya Pradesh,23.217,78.1225,76128533B57893545331548
Rajgarh,Madhya Pradesh,23.8603,76.7335,76128533B28521131010314
Ratlam,Madhya Pradesh,23.5012,75.0927,76128533B19341883513630
Rewa,Madhya Pradesh,24.7516,81.5893,76128533B31161316175613
Sagar,Madhya Pradesh,23.8483,78.7608,76128533B30447764775083
Satna,Madhya Pradesh,24.5305,80.8312,76128533B39705008578419
Sehore,Madhya Pradesh,22.9854,77.1285,76128533B39959897010345
Seoni,Madhya Pradesh,22.3206,79.6889,76128533B78482805703540
Shahdol,Madhya Pradesh,23.6204,81.4746,76128533B79303776608295
Shajapur,Madhya Pradesh,23.3809,76.5626,76128533B30477486088156
Sheopur,Madhya Pradesh,25.7407,77.012,76128533B82240600990321
Shivpuri,Madhya Pradesh,25.3609,77.811,76128533B66335428496945
Sidhi,Madhya Pradesh,24.2135,81.8259,76128533B53791014455989
Singrauli,Madhya Pradesh,24.2168,82.4073,76128533B50014751336341
Tikamgarh,Madhya Pradesh,24.8796,79.0186,76128533B1566053393466
Ujjain,Madhya Pradesh,23.3276,75.672,76128533B89286042589317
Umaria,Madhya Pradesh,23.5539,80.9723,76128533B4466876522971
Vidisha,Madhya Pradesh,23.8901,77.8147,76128533B64834018186186
Ahmadnagar,Mahārāshtra,19.2041,74.6779,76128533B47816398970283
Akola,Mahārāshtra,20.7494,77.0539,76128533B12380735325851
Amravati,Mahārāshtra,21.1886,77.5724,76128533B63815467309300
Aurangabad (Mahārāshtra),Mahārāshtra,20.0291,75.2816,76128533B39329594544563
Bhandara,Mahārāshtra,21.1101,79.7675,76128533B14243635342908
Bid,Mahārāshtra,18.9478,75.8395,76128533B5215906594478
Buldana,Mahārāshtra,20.5117,76.409,76128533B70021405538438
Chandrapur,Mahārāshtra,20.1185,79.4442,76128533B31342633028465
Dhule,Mahārāshtra,21.1103,74.6015,76128533B25344721013980
Gadchiroli,Mahārāshtra,19.7855,80.2413,76128533B36958871695926
Gondiya,Mahārāshtra,21.1667,80.2207,76128533B76286653784168
Hingoli,Mahārāshtra,19.6453,77.106,76128533B86424887513424
Jalgaon,Mahārāshtra,20.9386,75.4882,76128533B40156838070
Jalna,Mahārāshtra,19.8145,75.9833,76128533B55603381222870
Kolhapur,Mahārāshtra,16.4704,74.1612,76128533B66719908763317
Latur,Mahārāshtra,18.3748,76.7617,76128533B98050240849249
Mumbai,Mahārāshtra,18.9807,72.8338,76128533B16442413169750
Mumbai Suburban,Mahārāshtra,19.1393,72.8823,76128533B67326016655833
Nagpur,Mahārāshtra,21.1769,79.088,76128533B3026318797185
Nanded,Mahārāshtra,19.1167,77.6247,76128533B63783580004876
Nandurbar,Mahārāshtra,21.5503,74.2197,76128533B61304308285665
Nashik,Mahārāshtra,20.2597,74.0726,76128533B50056157736049
Osmanabad,Mahārāshtra,18.1896,76.0397,76128533B20474666262371
Palghar,Mahārāshtra,19.7913,73.0165,76128533B37148244536449
Parbhani,Mahārāshtra,19.2695,76.6969,76128533B27609096170969
Pune,Mahārāshtra,18.5717,74.07,76128533B71380851181380
Raigarh (Mahārāshtra),Mahārāshtra,18.5095,73.2241,76128533B99895802074414
Ratnagiri,Mahārāshtra,17.2734,73.4573,76128533B8575303957680
Sangli,Mahārāshtra,17.1109,74.7832,76128533B9892158671522
Satara,Mahārāshtra,17.6661,74.1734,76128533B93152786731267
Sindhudurg,Mahārāshtra,16.1332,73.74,76128533B39238815774480
Solapur,Mahārāshtra,17.792,75.4847,76128533B62490300334729
Thane,Mahārāshtra,19.36,73.3279,76128533B74859418903113
Wardha,Mahārāshtra,20.7963,78.5882,76128533B37486272752374
Washim,Mahārāshtra,20.2401,77.2205,76128533B59866172845044
Yavatmal,Mahārāshtra,20.0845,78.1628,76128533B61814103412294
Bishnupur,Manipur,24.5334,93.7953,76128533B14403163214152
Chandel,Manipur,24.1377,94.016,76128533B59855617266389
Churachandpur,Manipur,24.2856,93.6016,76128533B50969226102213
Imphal East,Manipur,24.8385,94.0104,76128533B30779259886340
Imphal West,Manipur,24.7724,93.8667,76128533B99807650893733
Jiribam,Manipur,24.7192,93.1359,76128533B64881202564500
Kakching,Manipur,24.4385,93.9193,76128533B82279368215419
Kamjong,Manipur,24.8167,94.4334,76128533B66815680293072
Kangpokpi,Manipur,25.0028,93.9427,76128533B56326354019534
Noney,Manipur,24.6837,93.4592,76128533B36594996191182
Phek,Manipur,25.6491,94.5451,76128533B13733639953372
Pherzawl,Manipur,24.3203,93.2219,76128533B71254158898830
Senapati,Manipur,25.397,94.1326,76128533B95642877176862
Tamenglong,Manipur,25.0462,93.5424,76128533B11421856387892
Tengnoupal,Manipur,24.4213,94.2317,76128533B61831576863813
Thoubal,Manipur,24.6191,94.0129,76128533B44197302080139
Ukhrul,Manipur,25.2306,94.4328,76128533B44190672061408
East Garo Hills,Meghālaya,25.642,90.6353,76128533B40535123096970
East Jaintia Hills,Meghālaya,25.2728,92.4652,76128533B70185077694103
East Khasi Hills,Meghālaya,25.386,91.8117,76128533B49246671500878
Kamrup Metropolitan,Meghālaya,26.0975,91.8445,76128533B38230828972906
North Garo Hills,Meghālaya,25.8708,90.6988,76128533B35759455556328
Ribhoi,Meghālaya,25.87,91.8822,76128533B70570208114113
South Garo Hills,Meghālaya,25.3093,90.5775,76128533B79750857313751
South West Garo Hills,Meghālaya,25.4456,89.9501,76128533B52906466328910
South West Khasi Hills,Meghālaya,25.3175,91.2642,76128533B27102120636500
West Garo Hills,Meghālaya,25.6292,90.1911,76128533B96195300293897
West Jaintia Hills,Meghālaya,25.4838,92.275,76128533B84622469201834
West Khasi Hills,Meghālaya,25.5935,91.2607,76128533B42153891534463
Aizawl,Mizoram,23.8013,92.8452,76128533B34203923268864
Champhai,Mizoram,23.382,93.2722,76128533B39039541714099
Hnahthial,Mizoram,22.9451,92.9852,76128533B64903504311414
Khawzawl,Mizoram,23.5055,93.1626,76128533B41321006511827
Kolasib,Mizoram,24.1441,92.7186,76128533B38141181853016
Lawngtlai,Mizoram,22.444,92.7713,76128533B70210707786180
Lunglei,Mizoram,22.9795,92.6495,76128533B97836280165555
Mamit,Mizoram,23.7516,92.4542,76128533B77336742344288
Saiha,Mizoram,22.2904,92.9983,76128533B35468154415031
Saitual,Mizoram,23.8873,93.1464,76128533B62486414019241
Serchhip,Mizoram,23.289,92.9368,76128533B49456368048033
Dimapur,Nāgāland,25.7943,93.7969,76128533B85747247216737
Kiphire,Nāgāland,25.8343,94.8351,76128533B49100243723360
Kohima,Nāgāland,25.7739,94.1069,76128533B53671786151110
Longleng,Nāgāland,26.5713,94.8095,76128533B66411945144923
Mokokchung,Nāgāland,26.4796,94.5379,76128533B82793215586362
Mon,Nāgāland,26.6725,95.023,76128533B23611090346849
Peren,Nāgāland,25.4987,93.6214,76128533B2970909480221
Tuensang,Nāgāland,26.1694,94.8909,76128533B82052450002431
Wokha,Nāgāland,26.2034,94.2016,76128533B67210465807627
Zunheboto,Nāgāland,26.0061,94.4889,76128533B58058152513003
Anugul,Odisha,20.9848,84.9133,76128533B60186573304899
Balangir,Odisha,20.591,83.1742,76128533B44395557448920
Baleshwar,Odisha,21.4967,86.9132,76128533B81147724102706
Bargarh,Odisha,21.2206,83.3533,76128533B74482494441458
Baudh,Odisha,20.6473,84.1774,76128533B84772375641700
Bhadrak,Odisha,20.9868,86.6196,76128533B58797478961083
Cuttack,Odisha,20.4515,85.7041,76128533B70842759816811
Debagarh,Odisha,21.4629,84.7808,76128533B64749652826710
Dhenkanal,Odisha,20.8269,85.5308,76128533B32509926596077
Gajapati,Odisha,19.1747,84.1612,76128533B73854359719990
Ganjam,Odisha,19.6277,84.6737,76128533B633842538351
Jagatsinghapur,Odisha,20.2191,86.34,76128533B32949331695897
Jajapur,Odisha,20.8522,86.1486,76128533B91818883767147
Jharsuguda,Odisha,21.8064,83.9547,76128533B93240759409313
Kalahandi,Odisha,19.8683,83.109,76128533B70759200975708
Kandhamal,Odisha,20.1275,84.0478,76128533B8798165946807
Kendrapara,Odisha,20.5534,86.6056,76128533B98951704707517
Kendujhar,Odisha,21.5376,85.7048,76128533B59504628511334
Khordha,Odisha,20.0974,85.5195,76128533B52802748445403
Koraput,Odisha,18.8148,82.721,76128533B47448948912370
Malkangiri,Odisha,18.2588,81.9564,76128533B85917349021677
Mayurbhanj,Odisha,21.8949,86.412,76128533B34216851275023
Nabarangapur,Odisha,19.5812,82.3355,76128533B99037046327658
Nayagarh,Odisha,20.2161,85.0031,76128533B77719785699048
Nuapada,Odisha,20.4666,82.5782,76128533B33451850475260
Puri,Odisha,19.8786,85.7212,76128533B80656256583567
Rayagada,Odisha,19.3628,83.5136,76128533B50498617372937
Sambalpur,Odisha,21.4536,84.2758,76128533B84129562351919
Subarnapur,Odisha,20.9325,83.8253,76128533B6884509901047
Sundargarh,Odisha,22.0802,84.5103,76128533B6128685860104
Karaikal,Puducherry,10.9237,79.8326,76128533B62624361588317
Mahe,Puducherry,11.7257,75.5407,76128533B41246169049488
Amritsar,Punjab,31.7062,74.9005,76128533B8426545955058
Barnala,Punjab,30.3865,75.5007,76128533B39051871473194
Bathinda,Punjab,30.1825,75.0416,76128533B13791982054894
Faridkot,Punjab,30.6102,74.7816,76128533B13552746017223
Fatehgarh Sahib,Punjab,30.6422,76.3767,76128533B99919205026025
Fazilka,Punjab,30.3262,74.1889,76128533B7291413308870
Firozpur,Punjab,30.9492,74.7636,76128533B421757708753
Gurdaspur,Punjab,31.9162,75.2937,76128533B51331331726928
Hoshiarpur,Punjab,31.6259,75.86,76128533B41747884279129
Jalandhar,Punjab,31.2121,75.5684,76128533B91211372620495
Kapurthala,Punjab,31.3531,75.4035,76128533B37199077904074
Ludhiana,Punjab,30.8047,75.8361,76128533B46195204843409
Mansa,Punjab,29.9082,75.44,76128533B41499938690181
Moga,Punjab,30.7624,75.1742,76128533B18834172694083
Muktsar,Punjab,30.298,74.5406,76128533B50184713016881
Pathankot,Punjab,32.2986,75.6218,76128533B19630094725383
Patiala,Punjab,30.2803,76.3516,76128533B39368211148513
Rupnagar,Punjab,31.0624,76.4894,76128533B24759700890118
Sahibzada Ajit Singh Nagar,Punjab,30.6764,76.741,76128533B12197302963241
Sangrur,Punjab,30.2127,75.87,76128533B82601690264832
Shahid Bhagat Singh Nagar,Punjab,31.1104,76.1547,76128533B14984770113274
Tarn Taran,Punjab,31.3369,74.8418,76128533B54652028494758
Ajmer,Rājasthān,26.2318,74.7792,76128533B60180372390230
Alwar,Rājasthān,27.5921,76.6062,76128533B5628791558965
Banswara,Rājasthān,23.476,74.3652,76128533B96584288929219
Baran,Rājasthān,24.9847,76.742,76128533B98308664713511
Barmer,Rājasthān,25.7356,71.4742,76128533B75922461866405
Bharatpur,Rājasthān,27.2474,77.279,76128533B25576352747885
Bhilwara,Rājasthān,25.4805,74.729,76128533B93441663686573
Bikaner,Rājasthān,28.1795,73.1743,76128533B55039756001726
Bundi,Rājasthān,25.4815,75.7976,76128533B69412164931619
Chittaurgarh,Rājasthān,24.8315,74.7816,76128533B58527154065354
Churu,Rājasthān,28.3419,74.6939,76128533B66825707357376
Dausa,Rājasthān,26.8581,76.5276,76128533B73809971322123
Dhaulpur,Rājasthān,26.6809,77.7039,76128533B64898456093948
Dungarpur,Rājasthān,23.7328,73.8561,76128533B12079567451207
Ganganagar,Rājasthān,29.4055,73.5637,76128533B72079972234594
Hanumangarh,Rājasthān,29.2609,74.5428,76128533B92044109913630
Jaipur,Rājasthān,26.9794,75.7258,76128533B28755611410447
Jaisalmer,Rājasthān,27.0772,70.9037,76128533B14849085202492
Jalor,Rājasthān,25.0976,72.2132,76128533B59459156188335
Jhalawar,Rājasthān,24.3291,76.1975,76128533B91943656836526
Jhunjhunun,Rājasthān,28.0912,75.5515,76128533B86135761305702
Jodhpur,Rājasthān,26.7509,72.7893,76128533B84094142280102
Karauli,Rājasthān,26.527,76.9638,76128533B34069028331411
Kota,Rājasthān,25.0965,76.1246,76128533B74447895476194
Nagaur,Rājasthān,27.0648,74.1882,76128533B43544960343942
Pali,Rājasthān,25.7081,73.5218,76128533B9783509419210
Pratapgarh (Rājasthān),Rājasthān,24.0338,74.6758,76128533B50613523798301
Rajsamand,Rājasthān,25.2314,73.9022,76128533B11082155919544
Sawai Madhopur,Rājasthān,26.2024,76.4681,76128533B28138828116492
Sikar,Rājasthān,27.6362,75.2872,76128533B20732636837048
Sirohi,Rājasthān,24.7593,72.7763,76128533B49867917697487
Tonk,Rājasthān,26.1454,75.6726,76128533B54301724756864
Udaipur,Rājasthān,24.4134,73.7064,76128533B37392223136185
East District,Sikkim,27.2929,88.6773,76128533B67639510673366
North District,Sikkim,27.7433,88.5308,76128533B65820903826030
South District,Sikkim,27.2793,88.3918,76128533B10270619600482
West District,Sikkim,27.3517,88.1794,76128533B30151252629779
Ariyalur,Tamil Nādu,11.1624,79.2434,76128533B16889790752134
Chengalputtu,Tamil Nādu,12.8368,79.8456,76128533B88669134807148
Chennai,Tamil Nādu,13.0634,80.2439,76128533B89024397489955
Coimbatore,Tamil Nādu,10.8776,76.9781,76128533B4753404177348
Cuddalore,Tamil Nādu,11.5361,79.4526,76128533B61321395333865
Dharmapuri,Tamil Nādu,12.109,78.1906,76128533B4743808419896
Dindigul,Tamil Nādu,10.3911,77.8206,76128533B28879432621383
Erode,Tamil Nādu,11.5171,77.414,76128533B15337568968545
Kallakurichi,Tamil Nādu,11.7926,79.0092,76128533B19545859035458
Kancheepuram,Tamil Nādu,12.5846,80.0058,76128533B83644689337946
Kanniyakumari,Tamil Nādu,8.3078,77.3636,76128533B53796141759805
Karur,Tamil Nādu,10.8443,78.1341,76128533B19335918192159
Krishnagiri,Tamil Nādu,12.4911,78.0337,76128533B35717069663408
Madurai,Tamil Nādu,9.9211,78.0076,76128533B71824979235503
Mayiladuthurai,Tamil Nādu,11.1534,79.7104,76128533B63176236753619
Nagapattinam,Tamil Nādu,10.5778,79.7636,76128533B88466433485589
Namakkal,Tamil Nādu,11.3177,78.1368,76128533B51372664315362
Perambalur,Tamil Nādu,11.2757,78.8915,76128533B51799781997546
Puducherry,Tamil Nādu,11.7642,79.7474,76128533B29873478326363
Pudukkottai,Tamil Nādu,10.3605,78.8797,76128533B64003397477352
Ramanathapuram,Tamil Nādu,9.4328,78.691,76128533B1629699732681
Ranipet,Tamil Nādu,12.9576,79.4484,76128533B22687502928564
Salem,Tamil Nādu,11.6759,78.2227,76128533B52590639744160
Sivaganga,Tamil Nādu,9.9142,78.602,76128533B89925537847414
Tenkasi,Tamil Nādu,9.0845,77.4559,76128533B27604563137530
Thanjavur,Tamil Nādu,10.6683,79.2443,76128533B54279577656282
The Nilgiris,Tamil Nādu,11.4507,76.6459,76128533B21812274124310
Theni,Tamil Nādu,9.8916,77.44,76128533B79135514077232
Thiruvallur,Tamil Nādu,13.2396,79.9446,76128533B45592431373253
Thiruvarur,Tamil Nādu,10.6804,79.5369,76128533B45072089356239
Thoothukkudi,Tamil Nādu,8.9026,77.9997,76128533B31241181851990
Tiruchirappalli,Tamil Nādu,10.8901,78.5708,76128533B1645877589145
Tirunelveli,Tamil Nādu,8.5733,77.6001,76128533B52639434516056
Tirupathur,Tamil Nādu,12.5788,78.6559,76128533B11403491783632
Tiruppur,Tamil Nādu,10.8385,77.408,76128533B57036825942975
Tiruvannamalai,Tamil Nādu,12.4337,79.1687,76128533B89575258858457
Vellore,Tamil Nādu,12.8921,78.9268,76128533B89374164863010
Viluppuram,Tamil Nādu,12.1218,79.519,76128533B86430586962522
Virudhunagar,Tamil Nādu,9.4916,77.9096,76128533B70974512658911
Adilabad,Telangāna,19.5158,78.574,76128533B38354309367879
Bhadradri,Telangāna,17.7621,80.8466,76128533B30246762498957
Hydrabad,Telangāna,17.4171,78.4772,76128533B84676164211579
Jagtial,Telangāna,18.8337,78.8849,76128533B67054925852429
Jangaon,Telangāna,17.7914,79.2943,76128533B8930157583904
Jayashankar,Telangāna,18.5066,79.9311,76128533B60322704115131
Jogulamba,Telangāna,16.0666,77.7822,76128533B72829420975835
Kamareddy,Telangāna,18.3243,78.0625,76128533B21068662878849
Karimnagar,Telangāna,18.376,79.2449,76128533B58104976570569
Khammam,Telangāna,17.2094,80.3654,76128533B96571577519224
Komaram Bheem,Telangāna,19.3589,79.4209,76128533B33226396095315
Mahabubabad,Telangāna,17.6681,79.9836,76128533B28290181894983
Mahabubnagar,Telangāna,16.7533,77.9957,76128533B58170186574016
Mancherial,Telangāna,18.9989,79.5179,76128533B53018054761164
Medak,Telangāna,17.9554,78.2569,76128533B97126567441665
Medchal,Telangāna,17.5467,78.5613,76128533B71056110198347
Mulugu,Telangāna,18.2537,80.2341,76128533B84398038505400
Nagarkurnool,Telangāna,16.3928,78.598,76128533B31246189674263
Nalgonda,Telangāna,16.876,79.2009,76128533B8892495882090
Narayanpet,Telangāna,16.6408,77.5792,76128533B14968875277413
Nirmal,Telangāna,19.111,78.3186,76128533B25280172436550
Nizamabad,Telangāna,18.6959,78.2131,76128533B58493775523243
Peddapalli,Telangāna,18.6248,79.4575,76128533B53373614632193
Rajanna Sircilla,Telangāna,18.42,78.7653,76128533B21485897206517
Rangareddy,Telangāna,17.1316,78.4112,76128533B31175522938788
Sangareddy,Telangāna,17.786,77.8743,76128533B40480360118262
Siddipet,Telangāna,18.0114,78.8543,76128533B31111781432113
Suryapet,Telangāna,17.0843,79.7577,76128533B24594618908349
Vikarabad,Telangāna,17.2512,77.7419,76128533B74887942950962
Wanaparthy,Telangāna,16.2921,78.0352,76128533B49394025943542
Warangal (R),Telangāna,17.9218,79.7582,76128533B63833971372360
Warangal (U),Telangāna,18.0079,79.5212,76128533B34824326075805
Yadadri Bhongiri,Telangāna,17.4538,79.0016,76128533B85157820615002
Dhalai,Tripura,23.8449,91.9269,76128533B42970684683247
Gomati,Tripura,23.5207,91.6339,76128533B94126463611805
Khowai,Tripura,23.9413,91.6637,76128533B67044589012853
North Tripura,Tripura,24.1039,92.2079,76128533B77134386587213
Sipahijula,Tripura,23.5846,91.3323,76128533B43965372582859
South Tripura,Tripura,23.2012,91.5825,76128533B67748245133340
Unokoti,Tripura,24.197,92.0362,76128533B4720703924950
West Tripura,Tripura,23.8903,91.4025,76128533B97225684979956
Agra,Uttar Pradesh,27.0374,78.0809,76128533B26296891809198
Aligarh,Uttar Pradesh,27.9169,78.0638,76128533B60862799554879
Allahabad,Uttar Pradesh,25.3031,81.9614,76128533B51368558457506
Ambedkar Nagar,Uttar Pradesh,26.4202,82.6709,76128533B7879459377699
Amethi,Uttar Pradesh,26.3328,81.6873,76128533B13908294104682
Auraiya,Uttar Pradesh,26.6608,79.4832,76128533B20660206691661
Azamgarh,Uttar Pradesh,26.0462,83.0797,76128533B73925919155567
Baghpat,Uttar Pradesh,29.0555,77.3117,76128533B46268976217915
Bahraich,Uttar Pradesh,27.7006,81.4946,76128533B66612397499770
Ballia,Uttar Pradesh,25.8752,84.1052,76128533B73769926250842
Balrampur (Uttar Pradesh),Uttar Pradesh,27.4907,82.3745,76128533B87371000929659
Banda,Uttar Pradesh,25.4635,80.5619,76128533B45099378029175
Bara Banki,Uttar Pradesh,26.9377,81.3341,76128533B74938989340684
Bareilly,Uttar Pradesh,28.4536,79.4238,76128533B68554447699730
Basti,Uttar Pradesh,26.8212,82.6172,76128533B18648944871057
Bijnor,Uttar Pradesh,29.39,78.3985,76128533B14534161138054
Budaun,Uttar Pradesh,28.0801,79.0399,76128533B84679668760735
Bulandshahr,Uttar Pradesh,28.3492,77.9969,76128533B13272482176343
Chandauli,Uttar Pradesh,25.1376,83.261,76128533B13673614951516
Chitrakoot,Uttar Pradesh,25.2034,81.0894,76128533B53725063754801
Deoria,Uttar Pradesh,26.4227,83.8366,76128533B40023971667984
Etah,Uttar Pradesh,27.5097,78.7097,76128533B15342706434354
Etawah,Uttar Pradesh,26.7651,79.0931,76128533B79784438258239
Faizabad,Uttar Pradesh,26.6537,81.9989,76128533B60320291189162
Farrukhabad,Uttar Pradesh,27.4304,79.462,76128533B59596968713717
Fatehpur,Uttar Pradesh,25.8736,80.8074,76128533B7124697440629
Firozabad,Uttar Pradesh,27.1813,78.5405,76128533B91640519747726
Gautam Buddha Nagar,Uttar Pradesh,28.4014,77.535,76128533B34462889864078
Ghaziabad,Uttar Pradesh,28.7643,77.4857,76128533B68984344044805
Ghazipur,Uttar Pradesh,25.6226,83.5561,76128533B49460554954204
Gonda,Uttar Pradesh,27.0841,82.0256,76128533B67530641452031
Gorakhpur,Uttar Pradesh,26.6579,83.3614,76128533B40226077866964
Hamirpur (Uttar Pradesh),Uttar Pradesh,25.7462,79.8711,76128533B27201270098470
Hapur,Uttar Pradesh,28.7116,77.8762,76128533B87317961648652
Hardoi,Uttar Pradesh,27.329,80.1629,76128533B25208535254310
Jalaun,Uttar Pradesh,26.0939,79.3828,76128533B15835290978888
Jaunpur,Uttar Pradesh,25.7461,82.5759,76128533B64732849735713
Jhansi,Uttar Pradesh,25.5044,78.952,76128533B66072086060089
Jyotiba Phule Nagar,Uttar Pradesh,28.8122,78.3298,76128533B21119051307760
Kannauj,Uttar Pradesh,27.0121,79.6888,76128533B80966996849325
Kanpur Dehat,Uttar Pradesh,26.4376,79.8586,76128533B80299348876357
Kanpur Nagar,Uttar Pradesh,26.3892,80.2124,76128533B23710487943819
Kanshiram Nagar,Uttar Pradesh,27.7733,78.848,76128533B7643504807381
Kaushambi,Uttar Pradesh,25.4975,81.4181,76128533B98420041301261
Kheri,Uttar Pradesh,28.1221,80.6673,76128533B76479861129777
Kushinagar,Uttar Pradesh,26.8618,83.9348,76128533B26931973511551
Lalitpur,Uttar Pradesh,24.6545,78.5624,76128533B59256192226816
Lucknow,Uttar Pradesh,26.8416,80.907,76128533B49436035281620
Mahamaya Nagar,Uttar Pradesh,27.5775,78.1621,76128533B8878807356913
Mahoba,Uttar Pradesh,25.3549,79.7193,76128533B11083100419963
Mahrajganj,Uttar Pradesh,27.2035,83.5328,76128533B29554440319099
Mainpuri,Uttar Pradesh,27.1859,79.0622,76128533B84772439394056
Mathura,Uttar Pradesh,27.5971,77.628,76128533B88758450653156
Mau,Uttar Pradesh,26.0405,83.5749,76128533B88623139855224
Meerut,Uttar Pradesh,29.0356,77.7949,76128533B61760400952464
Mirzapur,Uttar Pradesh,24.9871,82.6094,76128533B18243475101734
Moradabad,Uttar Pradesh,28.9142,78.7854,76128533B51849218363622
Muzaffarnagar,Uttar Pradesh,29.4147,77.7433,76128533B87051210355251
Pilibhit,Uttar Pradesh,28.5348,79.9752,76128533B90071703601852
Pratapgarh (Uttar Pradesh),Uttar Pradesh,25.8728,81.8316,76128533B20647769792365
Rae Bareli,Uttar Pradesh,26.2031,81.191,76128533B74057284038879
Rampur,Uttar Pradesh,28.7944,79.1232,76128533B46682008877369
Saharanpur,Uttar Pradesh,29.9486,77.5487,76128533B33437990510331
Sambhal,Uttar Pradesh,28.4377,78.5539,76128533B7545062765383
Samli,Uttar Pradesh,29.4898,77.2864,76128533B35465481868600
Sant Kabir Nagar,Uttar Pradesh,26.7883,83.0228,76128533B54279951806726
Sant Ravidas Nagar (Bhadohi),Uttar Pradesh,25.3483,82.4642,76128533B87515288456202
Shahjahanpur,Uttar Pradesh,27.9598,79.8291,76128533B96870418529164
Shrawasti,Uttar Pradesh,27.7213,81.8999,76128533B34832354589031
Siddharthnagar,Uttar Pradesh,27.2734,82.8634,76128533B40509297062120
Sitapur,Uttar Pradesh,27.5178,80.8575,76128533B8998698404381
Sonbhadra,Uttar Pradesh,24.4083,83.053,76128533B52058654769647
Sultanpur,Uttar Pradesh,26.2425,82.2267,76128533B1996088953603
Unnao,Uttar Pradesh,26.6094,80.5596,76128533B42623703243160
Varanasi,Uttar Pradesh,25.3887,82.9177,76128533B7622369120497
Almora,Uttarākhand,29.6864,79.5041,76128533B74917207853309
Bageshwar,Uttarākhand,29.9891,79.8596,76128533B64217423710469
Chamoli,Uttarākhand,30.4901,79.5761,76128533B69844709752120
Champawat,Uttarākhand,29.279,80.0718,76128533B2761749808956
Dehradun,Uttarākhand,30.4675,77.9699,76128533B67005208112053
Garhwal,Uttarākhand,29.8771,78.7657,76128533B46926146855114
Hardwar,Uttarākhand,29.8754,78.0,76128533B87833640460819
Nainital,Uttarākhand,29.3112,79.4674,76128533B50374927918374
Pithoragarh,Uttarākhand,30.1108,80.3451,76128533B38561771925520
Rudraprayag,Uttarākhand,30.5092,79.0529,76128533B46038384763988
Tehri Garhwal,Uttarākhand,30.4341,78.5371,76128533B61134942989820
Udham Singh Nagar,Uttarākhand,29.0367,79.4856,76128533B46531174070538
Uttarkashi,Uttarākhand,30.9687,78.6076,76128533B81694682724865
Alipurduar,West Bengal,26.6328,89.4673,76128533B23858286755005
Bankura,West Bengal,23.1415,87.1344,76128533B20752885472650
Barddhaman,West Bengal,23.3577,87.9508,76128533B59121537940607
Birbhum,West Bengal,23.9537,87.6656,76128533B53366745705922
Dakshin Dinajpur,West Bengal,25.3664,88.5741,76128533B43049220506604
Darjiling,West Bengal,26.8517,88.2628,76128533B17109302371020
Haora,West Bengal,22.5242,88.0653,76128533B22077262393417
Hugli,West Bengal,22.8854,88.0795,76128533B81857725777974
Jalpaiguri,West Bengal,26.6866,88.7698,76128533B99051523080987
Jhargram,West Bengal,22.3637,86.957,76128533B24861976740713
Kalimpong,West Bengal,27.0343,88.635,76128533B78458325839103
Koch Bihar,West Bengal,26.294,89.3511,76128533B64156747739715
Kolkata,West Bengal,22.5558,88.3552,76128533B72507508533064
Maldah,West Bengal,25.1395,88.0901,76128533B36734405131975
Murshidabad,West Bengal,24.1732,88.232,76128533B51402332870635
Nadia,West Bengal,23.4754,88.5163,76128533B71390118115414
North Twenty Four Parganas,West Bengal,22.7301,88.7258,76128533B93453964263910
Paschim Barddhaman,West Bengal,23.6588,87.1651,76128533B60845263086042
Paschim Medinipur,West Bengal,22.4409,87.4181,76128533B88812350838807
Purba Medinipur,West Bengal,22.0325,87.7887,76128533B25373378863054
Puruliya,West Bengal,23.2777,86.4178,76128533B16811573188243
South Twenty Four Parganas,West Bengal,22.0065,88.526,76128533B2860535426345
Uttar Dinajpur,West Bengal,25.8885,88.1547,76128533B7157007143985
