event_id,glide,name,from_date,to_date,alert_level,lat,lon,severity
FL-4309,TC-2015-000163-IND,Flood in India,2015-11-10,2015-12-04,Orange,11.828,78.855,6.67
FL-4282,,Flood in India,2015-07-15,2015-08-19,Orange,26.207,82.617,7.66
FL-1000189,,TWO-15,2015-07-29,2015-07-30,Orange,22.5,91.8,83.3328
FL-1058771,,Earthquake in India,2015-06-28,2015-06-28,Orange,26.6165,90.4387,5.5
FL-1000331,,VARDAH-16,2016-12-07,2016-12-12,Red,13.2,80.6,157.4064
FL-4384,FL-2016-000094-IND,Flood in India,2016-07-15,2016-09-22,ORANGE,25.61,85.19,6.98
FL-1077755,,Earthquake in India,2016-01-03,2016-01-03,Red,24.8339,93.6556,6.7
FL-1000422,TC-2017-000172-IND,OCKHI-17,2017-11-29,2017-12-05,Orange,18.2,70.6,175.9248
FL-1118464,,Earthquake in India,2017-08-02,2017-08-02,Orange,24.3341,93.5867,5.2
FL-1104946,,Earthquake in India,2017-02-06,2017-02-06,Orange,30.6146,79.1719,5.6
FL-1012873,, India and Sri Lanka-2019,2018-12-21,2019-08-26,Red,8.828,79.198,85408.0
FL-1012498,, Pakistan-2018,2018-07-21,2018-12-30,Orange,25.391,68.889,113171.0
FL-1000534,,PHETHAI-18,2018-12-15,2018-12-17,Orange,17.3,82.3,101.8512
FL-1000529,TC-2018-000413-IND,GAJA-18,2018-11-10,2018-11-18,Red,10.5,67.8,138.888
FL-1000519,TC-2018-000162-IND,TITLI-18,2018-10-09,2018-10-11,Red,18.9,84.5,175.9248
FL-1000212,2018-000134,Flood in India,2018-08-10,2018-09-24,Orange,9.919,76.403,0.0
FL-1000506,,FOUR-18,2018-09-20,2018-09-20,Orange,19.2,85.4,64.8144
FL-1100129,,India,2019-08-06,2019-08-06,Orange,19.3893,85.052,0.0
FL-1100103,,India,2019-06-25,2019-08-04,Orange,16.1998,77.3441,0.0
FL-1013088,, Central India-2019,2019-02-21,2019-07-02,Red,19.833,76.244,139078.0
FL-1000561,TC-2019-000043-IND,FANI-19,2019-04-27,2019-05-03,Red,21.3,86.2,249.9984
FL-1100696,,India,2020-12-02,2020-12-08,Orange,11.1017,79.6525,0.0
FL-1000748,TC-2020-000233-IND,BUREVI-20,2020-12-01,2020-12-04,Orange,9.0,79.4,83.3328
FL-1000747,TC-2020-000233-IND,NIVAR-20,2020-11-23,2020-11-26,Red,12.3,79.4,129.6288
FL-1000673,TC-2020-000135-IND,NISARGA-20,2020-06-02,2020-06-03,Red,19.1,73.7,138.888
FL-1101164,,India,2021-11-14,2021-11-18,Orange,15.9241,80.1864,0.0
FL-1101125,,India,2021-10-12,2021-10-19,Orange,30.0417,79.0897,0.0
FL-1100977,FL-2021-000093-IND,India,2021-07-24,2021-10-01,Red,31.2396,77.7198,0.0
FL-1000784,TC-2021-000056-IND,YAAS-21,2021-05-24,2021-05-26,Red,21.6,87.0,120.3696
FL-1000782,TC-2021-000056-IND,TAUKTAE-21,2021-05-14,2021-05-17,Red,20.8,71.3,222.2208
FL-1100883,,India,2021-05-11,2021-05-17,Orange,10.8132,73.6805,0.0
FL-1266651,,Earthquake in India,2021-04-28,2021-04-28,Orange,26.7824,92.4358,6.0
FL-1100755,,India,2021-02-07,2021-02-07,Orange,30.2982,79.5672,0.0
FL-1000950,,MANDOUS-22,2022-12-07,2022-12-10,Orange,12.9,80.1,101.8512
FL-1101588,,India,2022-08-11,2022-08-28,Orange,27.1303,80.8597,0.0
FL-1000883,TC-2022-000229-IND,ASANI-22,2022-05-07,2022-05-11,Orange,16.0,81.0,120.3696
FL-1001037,,MICHAUNG-23,2023-12-03,2023-12-04,Orange,14.3,80.1,111.1104
FL-1102135,,Flood in India,2023-07-07,2023-07-10,Orange,31.8168,77.3493,0.0
FL-1102077,FL-2023-000104-IND,"Flood in India, Pakistan",2023-06-14,2023-06-16,Orange,22.385,71.7453,0.0
FL-1000975,,BIPARJOY-23,2023-06-06,2023-06-15,Orange,23.4,68.7,194.4432
FL-1001130,,FENGAL-24,2024-11-29,2024-12-01,Orange,12.1,79.9,92.592
FL-1102974,FL-2024-000197-IND,Flood in India,2024-10-20,2024-10-26,Red,20.5431,84.6897,0.0
FL-1001117,TC-2024-000195-IND,DANA-24,2024-10-23,2024-10-25,Red,20.8,86.9,120.3696
FL-1102678,FL-2024-000108-NPL,Flood in India,2024-06-10,2024-09-16,Orange,27.1303,80.8597,0.0
FL-1001089,,ASNA-24,2024-08-30,2024-09-01,Orange,22.1,61.8,83.3328
FL-1001238,TC-2025-000218-LKA,DITWAH-25,2025-11-27,2025-11-29,Orange,10.5,80.8,64.8144
FL-1001232,,MONTHA-25,2025-10-26,2025-10-29,Orange,16.9,81.4,83.3328
FL-1103434,FL-2025-000171-IND,Flood in India,2025-08-16,2025-10-09,Orange,31.3678,76.6203,0.0
FL-1001218,,ONE-25,2025-10-01,2025-10-02,Orange,19.5,84.7,64.8144
FL-1500178,EQ-2025-000164-IND,Earthquake in India,2025-09-14,2025-09-14,Orange,26.6066,92.1963,5.5
FL-1001326,,ONE-26,2026-09-22,2026-09-24,Orange,18.1,83.7,83.3328
FL-1104121,FL-2026-000165-IND,Flood in India,2026-08-09,2026-09-22,Orange,9.6287,76.6455,0.0
TC-1000244,,ULA-16,2015-12-30,2016-01-12,Orange,-29.5,175.3,231.48
TC-1000242,,MELOR-15,2015-12-11,2015-12-16,Red,14.0,119.3,249.9984
TC-4309,TC-2015-000163-IND,Flood in India,2015-11-10,2015-12-04,Orange,11.828,78.855,6.67
TC-1000234,,MEGH-15,2015-11-05,2015-11-10,Orange,13.0,45.1,203.7024
TC-1000233,,CHAPALA-15,2015-10-28,2015-11-03,Orange,14.2,47.5,222.2208
TC-1000231,,PATRICIA-15,2015-10-20,2015-10-24,Red,25.3,-100.6,333.3312
TC-4282,,Flood in India,2015-07-15,2015-08-19,Orange,26.207,82.617,7.66
TC-1000189,,TWO-15,2015-07-29,2015-07-30,Orange,22.5,91.8,83.3328
TC-1058771,,Earthquake in India,2015-06-28,2015-06-28,Orange,26.6165,90.4387,5.5
TC-4249,FL-2015-000057-CHN,Flood in China,2015-05-13,2015-06-15,Orange,27.032,114.981,7.25
TC-4260,FL-2015-000065-GHA,Flood in Ghana,2015-06-02,2015-06-15,Orange,7.38,-0.547,6.75
TC-4219,FL-2015-000006-MWI,Flood in Malawi,2015-01-01,2015-02-09,Orange,-18.795,35.356,7.59
TC-4215,,Flood in Sri Lanka,2014-12-20,2015-01-01,RED,7.909,80.983,5.99
TC-4216,FL-2014-000168-MYS,Flood in Malaysia,2014-12-20,2015-01-01,ORANGE,4.725,102.164,6.37
TC-4217,,Flood in Philippines,2014-12-10,2015-01-01,ORANGE,8.656,124.903,6.34
TC-1000331,,VARDAH-16,2016-12-07,2016-12-12,Red,13.2,80.6,157.4064
TC-4384,FL-2016-000094-IND,Flood in India,2016-07-15,2016-09-22,ORANGE,25.61,85.19,6.98
TC-1000280,,NIDA-16,2016-07-29,2016-08-02,Orange,22.8,113.5,157.4064
TC-1000279,,MIRINAE-16,2016-07-25,2016-07-27,Orange,20.1,106.3,83.3328
TC-1000270,,NEPARTAK-16,2016-07-03,2016-07-09,Red,25.1,118.4,268.5168
TC-1000262,,ROANU-16,2016-05-18,2016-05-21,Orange,23.3,92.5,101.8512
TC-1000261,,AMOS-16,2016-04-20,2016-04-24,Orange,-14.3,-168.4,212.9616
TC-1077755,,Earthquake in India,2016-01-03,2016-01-03,Red,24.8339,93.6556,6.7
TC-1000422,TC-2017-000172-IND,OCKHI-17,2017-11-29,2017-12-05,Orange,18.2,70.6,175.9248
TC-1000404,TC-2017-000136-GLP,MARIA-17,2017-09-16,2017-09-30,Red,42.0,-43.9,277.776
TC-1118464,,Earthquake in India,2017-08-02,2017-08-02,Orange,24.3341,93.5867,5.2
TC-1104946,,Earthquake in India,2017-02-06,2017-02-06,Orange,30.6146,79.1719,5.6
TC-1012873,, India and Sri Lanka-2019,2018-12-21,2019-08-26,Red,8.828,79.198,85408.0
TC-1012498,, Pakistan-2018,2018-07-21,2018-12-30,Orange,25.391,68.889,113171.0
TC-1000534,,PHETHAI-18,2018-12-15,2018-12-17,Orange,17.3,82.3,101.8512
TC-1000529,TC-2018-000413-IND,GAJA-18,2018-11-10,2018-11-18,Red,10.5,67.8,138.888
TC-1000519,TC-2018-000162-IND,TITLI-18,2018-10-09,2018-10-11,Red,18.9,84.5,175.9248
TC-1000212,2018-000134,Flood in India,2018-08-10,2018-09-24,Orange,9.919,76.403,0.0
TC-1000506,,FOUR-18,2018-09-20,2018-09-20,Orange,19.2,85.4,64.8144
TC-1000582,TC-2019-000091-CHN,LEKIMA-19,2019-08-04,2019-08-11,Red,36.0,119.5,240.7392
TC-1000580,,FRANCISCO-19,2019-08-01,2019-08-07,Orange,39.6,129.3,138.888
TC-1100129,,India,2019-08-06,2019-08-06,Orange,19.3893,85.052,0.0
TC-1100103,,India,2019-06-25,2019-08-04,Orange,16.1998,77.3441,0.0
TC-1000579,,WIPHA-19,2019-07-30,2019-08-03,Orange,21.2,106.6,74.0736
TC-1000573,,DANAS-19,2019-07-16,2019-07-20,Orange,35.6,126.4,83.3328
TC-1013088,, Central India-2019,2019-02-21,2019-07-02,Red,19.833,76.244,139078.0
TC-1000565,TC-2019-000055-IND,VAYU-19,2019-06-10,2019-06-17,Orange,21.8,66.8,175.9248
TC-1000561,TC-2019-000043-IND,FANI-19,2019-04-27,2019-05-03,Red,21.3,86.2,249.9984
TC-1000559,TC-2019-000039-COM,KENNETH-19,2019-04-23,2019-04-25,Red,-12.3,40.1,231.48
TC-1000557,,JOANINHA-19,2019-03-22,2019-03-31,Orange,-26.8,69.8,212.9616
TC-1000546,,GELENA-19,2019-02-06,2019-02-14,Orange,-28.2,85.8,222.2208
TC-1100696,,India,2020-12-02,2020-12-08,Orange,11.1017,79.6525,0.0
TC-1000748,TC-2020-000233-IND,BUREVI-20,2020-12-01,2020-12-04,Orange,9.0,79.4,83.3328
TC-1000747,TC-2020-000233-IND,NIVAR-20,2020-11-23,2020-11-26,Red,12.3,79.4,129.6288
TC-1000673,TC-2020-000135-IND,NISARGA-20,2020-06-02,2020-06-03,Red,19.1,73.7,138.888
TC-1000663,TC-2020-000051-FJI,HAROLD-20,2020-04-02,2020-04-09,Red,-24.6,-170.7,268.5168
TC-1101164,,India,2021-11-14,2021-11-18,Orange,15.9241,80.1864,0.0
TC-1101125,,India,2021-10-12,2021-10-19,Orange,30.0417,79.0897,0.0
TC-1100977,FL-2021-000093-IND,India,2021-07-24,2021-10-01,Red,31.2396,77.7198,0.0
TC-1000784,TC-2021-000056-IND,YAAS-21,2021-05-24,2021-05-26,Red,21.6,87.0,120.3696
TC-1000782,TC-2021-000056-IND,TAUKTAE-21,2021-05-14,2021-05-17,Red,20.8,71.3,222.2208
TC-1100883,,India,2021-05-11,2021-05-17,Orange,10.8132,73.6805,0.0
TC-1266651,,Earthquake in India,2021-04-28,2021-04-28,Orange,26.7824,92.4358,6.0
TC-1258647,,"Earthquake in Kermadec Islands, New Zealand",2021-03-04,2021-03-04,Orange,-29.7347,-177.2817,8.1
TC-1100755,,India,2021-02-07,2021-02-07,Orange,30.2982,79.5672,0.0
TC-1000950,,MANDOUS-22,2022-12-07,2022-12-10,Orange,12.9,80.1,101.8512
TC-1101588,,India,2022-08-11,2022-08-28,Orange,27.1303,80.8597,0.0
TC-1000883,TC-2022-000229-IND,ASANI-22,2022-05-07,2022-05-11,Orange,16.0,81.0,120.3696
TC-1001037,,MICHAUNG-23,2023-12-03,2023-12-04,Orange,14.3,80.1,111.1104
TC-1102135,,Flood in India,2023-07-07,2023-07-10,Orange,31.8168,77.3493,0.0
TC-1102077,FL-2023-000104-IND,"Flood in India, Pakistan",2023-06-14,2023-06-16,Orange,22.385,71.7453,0.0
TC-1000975,,BIPARJOY-23,2023-06-06,2023-06-15,Orange,23.4,68.7,194.4432
TC-1353717,,Earthquake in Indonesia,2023-01-09,2023-01-09,Orange,-7.0852,130.0391,7.6
TC-1001130,,FENGAL-24,2024-11-29,2024-12-01,Orange,12.1,79.9,92.592
TC-1102974,FL-2024-000197-IND,Flood in India,2024-10-20,2024-10-26,Red,20.5431,84.6897,0.0
TC-1001117,TC-2024-000195-IND,DANA-24,2024-10-23,2024-10-25,Red,20.8,86.9,120.3696
TC-1102678,FL-2024-000108-NPL,Flood in India,2024-06-10,2024-09-16,Orange,27.1303,80.8597,0.0
TC-1001089,,ASNA-24,2024-08-30,2024-09-01,Orange,22.1,61.8,83.3328
TC-1001238,TC-2025-000218-LKA,DITWAH-25,2025-11-27,2025-11-29,Orange,10.5,80.8,64.8144
TC-1001232,,MONTHA-25,2025-10-26,2025-10-29,Orange,16.9,81.4,83.3328
TC-1103434,FL-2025-000171-IND,Flood in India,2025-08-16,2025-10-09,Orange,31.3678,76.6203,0.0
TC-1001218,,ONE-25,2025-10-01,2025-10-02,Orange,19.5,84.7,64.8144
TC-1500178,EQ-2025-000164-IND,Earthquake in India,2025-09-14,2025-09-14,Orange,26.6066,92.1963,5.5
TC-1001326,,ONE-26,2026-09-22,2026-09-24,Orange,18.1,83.7,83.3328
TC-1104121,FL-2026-000165-IND,Flood in India,2026-08-09,2026-09-22,Orange,9.6287,76.6455,0.0
