event_id,shape_id,date,to_date
FL-4309,76128533B19545859035458,2015-11-10,2015-12-04
FL-4282,76128533B1996088953603,2015-07-15,2015-08-19
FL-1000189,76128533B97836280165555,2015-07-29,2015-07-30
FL-1058771,76128533B56012535339305,2015-06-28,2015-06-28
FL-1000331,76128533B83644689337946,2016-12-07,2016-12-12
FL-4384,76128533B60721316645780,2016-07-15,2016-09-22
FL-1077755,76128533B11421856387892,2016-01-03,2016-01-03
FL-1118464,76128533B50969226102213,2017-08-02,2017-08-02
FL-1104946,76128533B46038384763988,2017-02-06,2017-02-06
FL-1012873,76128533B1629699732681,2018-12-21,2019-08-26
FL-1000534,76128533B29138015770556,2018-12-15,2018-12-17
FL-1000519,76128533B59405966069108,2018-10-09,2018-10-11
FL-1000212,76128533B75519739609062,2018-08-10,2018-09-24
FL-1000506,76128533B633842538351,2018-09-20,2018-09-20
FL-1100129,76128533B633842538351,2019-08-06,2019-08-06
FL-1100103,76128533B284680734793,2019-06-25,2019-08-04
FL-1013088,76128533B55603381222870,2019-02-21,2019-07-02
FL-1000561,76128533B34216851275023,2019-04-27,2019-05-03
FL-1100696,76128533B63176236753619,2020-12-02,2020-12-08
FL-1000748,76128533B89925537847414,2020-12-01,2020-12-04
FL-1000747,76128533B86430586962522,2020-11-23,2020-11-26
FL-1000673,76128533B71380851181380,2020-06-02,2020-06-03
FL-1101164,76128533B95075104846315,2021-11-14,2021-11-18
FL-1101125,76128533B46926146855114,2021-10-12,2021-10-19
FL-1100977,76128533B77537928419507,2021-07-24,2021-10-01
FL-1000784,76128533B34216851275023,2021-05-24,2021-05-26
FL-1000782,76128533B40923846274136,2021-05-14,2021-05-17
FL-1100883,76128533B41477629049356,2021-05-11,2021-05-17
FL-1266651,76128533B41005496708834,2021-04-28,2021-04-28
FL-1100755,76128533B69844709752120,2021-02-07,2021-02-07
FL-1000950,76128533B83644689337946,2022-12-07,2022-12-10
FL-1101588,76128533B8998698404381,2022-08-11,2022-08-28
FL-1000883,76128533B4481773749911,2022-05-07,2022-05-11
FL-1001037,76128533B55622097933343,2023-12-03,2023-12-04
FL-1102135,76128533B97425778881707,2023-07-07,2023-07-10
FL-1102077,76128533B7851306475665,2023-06-14,2023-06-16
FL-1000975,76128533B91881382098572,2023-06-06,2023-06-15
FL-1001130,76128533B86430586962522,2024-11-29,2024-12-01
FL-1102974,76128533B84772375641700,2024-10-20,2024-10-26
FL-1001117,76128533B58797478961083,2024-10-23,2024-10-25
FL-1102678,76128533B8998698404381,2024-06-10,2024-09-16
FL-1001232,76128533B19792346411952,2025-10-26,2025-10-29
FL-1103434,76128533B85695392289827,2025-08-16,2025-10-09
FL-1001218,76128533B633842538351,2025-10-01,2025-10-02
FL-1500178,76128533B96719327593873,2025-09-14,2025-09-14
FL-1001326,76128533B47448948912370,2026-09-22,2026-09-24
FL-1104121,76128533B2576169508425,2026-08-09,2026-09-22
TC-4309,76128533B19545859035458,2015-11-10,2015-12-04
TC-4282,76128533B1996088953603,2015-07-15,2015-08-19
TC-1000189,76128533B97836280165555,2015-07-29,2015-07-30
TC-1058771,76128533B56012535339305,2015-06-28,2015-06-28
TC-1000331,76128533B83644689337946,2016-12-07,2016-12-12
TC-4384,76128533B60721316645780,2016-07-15,2016-09-22
TC-1000262,76128533B97836280165555,2016-05-18,2016-05-21
TC-1077755,76128533B11421856387892,2016-01-03,2016-01-03
TC-1118464,76128533B50969226102213,2017-08-02,2017-08-02
TC-1104946,76128533B46038384763988,2017-02-06,2017-02-06
TC-1012873,76128533B1629699732681,2018-12-21,2019-08-26
TC-1000534,76128533B29138015770556,2018-12-15,2018-12-17
TC-1000519,76128533B59405966069108,2018-10-09,2018-10-11
TC-1000212,76128533B75519739609062,2018-08-10,2018-09-24
TC-1000506,76128533B633842538351,2018-09-20,2018-09-20
TC-1100129,76128533B633842538351,2019-08-06,2019-08-06
TC-1100103,76128533B284680734793,2019-06-25,2019-08-04
TC-1013088,76128533B55603381222870,2019-02-21,2019-07-02
TC-1000561,76128533B34216851275023,2019-04-27,2019-05-03
TC-1100696,76128533B63176236753619,2020-12-02,2020-12-08
TC-1000748,76128533B89925537847414,2020-12-01,2020-12-04
TC-1000747,76128533B86430586962522,2020-11-23,2020-11-26
TC-1000673,76128533B71380851181380,2020-06-02,2020-06-03
TC-1101164,76128533B95075104846315,2021-11-14,2021-11-18
TC-1101125,76128533B46926146855114,2021-10-12,2021-10-19
TC-1100977,76128533B77537928419507,2021-07-24,2021-10-01
TC-1000784,76128533B34216851275023,2021-05-24,2021-05-26
TC-1000782,76128533B40923846274136,2021-05-14,2021-05-17
TC-1100883,76128533B41477629049356,2021-05-11,2021-05-17
TC-1266651,76128533B41005496708834,2021-04-28,2021-04-28
TC-1100755,76128533B69844709752120,2021-02-07,2021-02-07
TC-1000950,76128533B83644689337946,2022-12-07,2022-12-10
TC-1101588,76128533B8998698404381,2022-08-11,2022-08-28
TC-1000883,76128533B4481773749911,2022-05-07,2022-05-11
TC-1001037,76128533B55622097933343,2023-12-03,2023-12-04
TC-1102135,76128533B97425778881707,2023-07-07,2023-07-10
TC-1102077,76128533B7851306475665,2023-06-14,2023-06-16
TC-1000975,76128533B91881382098572,2023-06-06,2023-06-15
TC-1001130,76128533B86430586962522,2024-11-29,2024-12-01
TC-1102974,76128533B84772375641700,2024-10-20,2024-10-26
TC-1001117,76128533B58797478961083,2024-10-23,2024-10-25
TC-1102678,76128533B8998698404381,2024-06-10,2024-09-16
TC-1001232,76128533B19792346411952,2025-10-26,2025-10-29
TC-1103434,76128533B85695392289827,2025-08-16,2025-10-09
TC-1001218,76128533B633842538351,2025-10-01,2025-10-02
TC-1500178,76128533B96719327593873,2025-09-14,2025-09-14
TC-1001326,76128533B47448948912370,2026-09-22,2026-09-24
TC-1104121,76128533B2576169508425,2026-08-09,2026-09-22
